MariaDB [group14]> Select * from Student natural join Enrollment natural join Class where StudentID =3; 
+---------+-----------+------------+-----------+-------------+---------------+---------------+--------+-----+----------------------+-----------+------------+-----------------+----------+-----------+--------------+------------+-----------+---------------+-------------------+-------+
| ClassID | StudentID | First_Name | Last_Name | Status_year | Credits_taken | Academic_hold | Degree | GPA | Email                | advisorID | Birthday   | Department_code | CourseID | SectionID | InstructorID | Total_Seat | Wait_List | Location      | Time              | Day   |
+---------+-----------+------------+-----------+-------------+---------------+---------------+--------+-----+----------------------+-----------+------------+-----------------+----------+-----------+--------------+------------+-----------+---------------+-------------------+-------+
|       1 |         3 | Leo        | William   | Freshman    |            50 |             0 | Math   | 3.4 | JS232@go.olemiss.edu |         6 | 30/12/2000 | CSCI            |      387 |         1 |            3 |         40 |         5 | Main Building | 11:00am - 12:15pm | T Th  |
|       2 |         3 | Leo        | William   | Freshman    |            50 |             0 | Math   | 3.4 | JS232@go.olemiss.edu |         6 | 30/12/2000 | CSCI            |      387 |         2 |            4 |         30 |        10 | Jackson       | 1:00pm - 2:15pm   | M W F |
+---------+-----------+------------+-----------+-------------+---------------+---------------+--------+-----+----------------------+-----------+------------+-----------------+----------+-----------+--------------+------------+-----------+---------------+-------------------+-------+
2 rows in set (0.000 sec)

MariaDB [group14]> notee;
MariaDB [group14]> Select * from Student natural join Enrollment natural join Class natural join Course where StudentID =3; 
+-----------------+----------+---------+-----------+------------+-----------+-------------+---------------+---------------+--------+-----+----------------------+-----------+------------+-----------+--------------+------------+-----------+---------------+-------------------+-------+-----------------------+--------+
| Department_code | CourseID | ClassID | StudentID | First_Name | Last_Name | Status_year | Credits_taken | Academic_hold | Degree | GPA | Email                | advisorID | Birthday   | SectionID | InstructorID | Total_Seat | Wait_List | Location      | Time              | Day   | Course_Name           | Credit |
+-----------------+----------+---------+-----------+------------+-----------+-------------+---------------+---------------+--------+-----+----------------------+-----------+------------+-----------+--------------+------------+-----------+---------------+-------------------+-------+-----------------------+--------+
| CSCI            |      387 |       1 |         3 | Leo        | William   | Freshman    |            50 |             0 | Math   | 3.4 | JS232@go.olemiss.edu |         6 | 30/12/2000 |         1 |            3 |         40 |         5 | Main Building | 11:00am - 12:15pm | T Th  | Software Deverlopment |      3 |
| CSCI            |      387 |       2 |         3 | Leo        | William   | Freshman    |            50 |             0 | Math   | 3.4 | JS232@go.olemiss.edu |         6 | 30/12/2000 |         2 |            4 |         30 |        10 | Jackson       | 1:00pm - 2:15pm   | M W F | Software Deverlopment |      3 |
+-----------------+----------+---------+-----------+------------+-----------+-------------+---------------+---------------+--------+-----+----------------------+-----------+------------+-----------+--------------+------------+-----------+---------------+-------------------+-------+-----------------------+--------+
2 rows in set (0.001 sec)

MariaDB [group14]> notee;
MariaDB [group14]> select * from Student natural join Enrollment natural join Class where studentID =1 and classID =8;
+---------+-----------+------------+-----------+-------------+---------------+---------------+---------+------+---------------------+-----------+------------+-----------------+----------+-----------+--------------+------------+-----------+----------+-----------------+-------+
| ClassID | StudentID | First_Name | Last_Name | Status_year | Credits_taken | Academic_hold | Degree  | GPA  | Email               | advisorID | Birthday   | Department_code | CourseID | SectionID | InstructorID | Total_Seat | Wait_List | Location | Time            | Day   |
+---------+-----------+------------+-----------+-------------+---------------+---------------+---------+------+---------------------+-----------+------------+-----------------+----------+-----------+--------------+------------+-----------+----------+-----------------+-------+
|       8 |         1 | Lena       | Oxton     | Senior      |            50 |             0 | B.S.C.S |  3.5 | lena@go.olemiss.edu |         5 | 1990-01-01 | Eng             |      100 |         2 |            6 |         30 |        10 | Jackson  | 1:00pm - 2:15pm | M W F |
+---------+-----------+------------+-----------+-------------+---------------+---------------+---------+------+---------------------+-----------+------------+-----------------+----------+-----------+--------------+------------+-----------+----------+-----------------+-------+
1 row in set (0.000 sec)

MariaDB [group14]> notee;
